KWK,GPG
INL001,GPGKST0130
INL002,GPGKGM029
INL003,GPGKST0828
INL004,GPGKST0909
INL005,GPGKST0391
INL006,GPGKST0391
INL008,GPGKST0017
INL010,GPGKST6521
INL011,GPGKGM093
INL013,GPGKST0665
INL014,GPGKST0141
INL017,GPGKST6519
INL018,GPGKST0440
INL020,GPGKST0266
INL021,GPGKST0019
INL022,GPGKST0025
INL023,GPGKGM053
INL024,GPGKST0416
INL025,GPGKGM147
INL026,GPGKST0190
INL027,GPGKST0157
INL028,GPGKST0456
INL029,GPGKST0687
INL030,GPGKGM001
INL036,GPGKGM077
INL038,GPGKST0108
INL039,GPGKST0313
INL040,GPGKST1012
INL041,GPGKST0455
INL042,GPGKST0314
INL048,GPGKST0212
INL049,GPGKST0182
INL050,GPGKST0077
INL052,GPGKST0154
INL053,GPGKST0219
INL054,GPGKST0044
INL055,GPGKST0194
INL058,GPGKST0150
INL059,GPGKST0217
INL060,GPGKST1019
INL067,GPGKGM039
INL068,GPGKST0427
INL069,GPGKST0287
INL071,GPGKST9633
INL072,GPGKST0257
INL075,GPGKST0665
INL076,GPGKGM139
INL080,GPGKST0046
INL081,GPGKST0378
INL082,GPGKST0324
INL084,GPGKST0279
INL086,GPGKST1025
INL087,GPGKST0220
INL088,GPGKST0106
INL089,GPGKST0061
INL092,GPGKST0227
INL093,GPGKGM001
INL094,GPGKST0532
INL095,GPGINL094
INL096,GPGKGM061
INL098,GPGKST0320
INL100,GPGKGM084
INL101,GPGKGM147
INL102,GPGKST0235
INL103,GPGKST0489
INL104,GPGKST0105
INL105,GPGKST0342
INL106,GPGKST0028
INL107,GPGKST0320
INL108,GPGKST0320
INL109,GPGKST0493
INL110,GPGKGM030
INL111,GPGKGM021
INL112,GPGKST0474
INL113,GPGKST0473
INL114,GPGKST0347
INL118,GPGKST0254
INL120,GPGKST0152
INL122,GPGKST0348
INL123,GPGKST0689
INL124,GPGKST0450
INL126,GPGKGM147
INL127,GPGKST0393
INL128,GPGKST0409
INL130,GPGKST1039
INL132,GPGKST0413
INL133,GPGKST0411
INL134,GPGKST0205
INL137,GPGKST0424
INL138,GPGKST0609
INL139,GPGKST0101
INL142,GPGKST0306
INL144,GPGKGM059
INL149,GPGKST0072
INL150,GPGKGM034
INL152,GPGKGM037
INL153,GPGKGM035
INL155,GPGKST0516
INL159,GPGKST0356
INL160,GPGKST0242
INL162,GPGKST0208
INL167,GPGKST0916
INL169,GPGKGM065
INL170,GPGKGM093
INL171,GPGKST6240
INL173,GPGKGM049
INL174,GPGKST0971
INL179,GPGKST0843
INL181,GPGKGM021
INL182,GPGKST0424
INL183,GPGKGM001
INL184,GPGKGM026
INL185,GPGKGM044
INL187,GPGKST0517
INL188,GPGKST0269
INL192,GPGKST0514
INL198,GPGKGM035
INL199,GPGKGM034
INL200,GPGKST0426
INL204,GPGKGM057
INL205,GPGKGM056
INL206,GPGKST0621
INL209,GPGKST0033
INL211,GPGKST0472
INL213,GPGKGM040
INL215,GPGKST0719
INL217,GPGKST0201
INL218,GPGKST0009
INL219,GPGKGM233
INL220,GPGINL120
INL221,GPGKGM043
INL225,GPGKST0174
INL226,GPGKST0372
INL235,GPGKST9002
INL238,GPGKST0398
INL242,GPGKGM024
INL243,GPGKGM147
INL248,GPGKGM132
INL249,GPGKGM133
INL251,GPGKST0099
INL254,GPGKGM181
INL255,GPGKST0543
INL256,GPGKST0183
INL258,GPGKST0363
INL259,GPGKGM053
INL260,GPGKGM048
INL262,GPGKGM052
INL263,GPGKST0257
INL264,GPGKST0257
INL267,GPGKST6409
INL268,GPGKGM166
INL269,GPGKGM137
INL270,GPGKST0514
INL271,GPGKST0694
INL272,GPGKST0568
INL274,GPGKST6517
INL275,GPGKST0577
INL276,GPGKST0518
INL277,GPGKGM080
INL278,GPGKST0287
INL280,GPGKGM099
INL284,GPGKST0257
INL285,GPGKST0705
INL290,GPGKST0698
INL291,GPGKGM071
INL298,GPGKST0409
INL301,GPGKGM058
INL302,GPGKGM058
INL306,GPGKST0314
INL307,GPGKGM058
INL308,GPGKGM052
INL309,GPGKGM047
INL310,GPGKGM026
INL318,GPGKGM078
INL322,GPGKGM021
INL324,GPGKST1023
INL325,GPGKST0031
INL327,GPGKST0383
INL331,GPGKST0722
INL332,GPGKST0725
INL333,GPGKST0728
INL334,GPGKST0726
INL335,GPGKGM155
INL336,GPGKST0591
INL337,GPGKST6525
INL342,GPGKGM063
INL344,GPGKST9041
INL345,GPGKST6169
INL351,GPGKGM016
INL352,GPGKGM073
INL354,GPGKGM155
INL364,GPGKST0018
INL366,GPGKST0893
INL373,GPGKST1007
INL374,GPGKGM095
INL377,GPGKGM063
INL381,GPGKGM071
INL383,GPGKGM022
INL384,GPGKST1010
INL405,GPGKST0103
INL409,GPGKGM001
INL410,GPGKST0391
INL420,GPGKST0539
INL422,GPGKST0888
INL423,GPGKST0889
INL424,GPGKST0333
INL426,GPGKST0615
INL428,GPGKGM266
INL430,GPGKST0604
INL433,GPGKGM233
INL435,GPGKST0650
INL442,GPGKGM030
INL445,GPGKST0603
INL446,GPGKGM233
INL452,GPGKST0979
INL454,GPGKST0069
INL455,GPGKST0542
INL460,GPGKST0996
INL461,GPGKGM239
INL467,GPGKST6520
INL468,GPGKGM288
INL470,GPGKGM132
INL472,GPGKST0069
INL473,GPGKST0263
INL474,GPGKST0167
INL476,GPGKST0167
INL477,GPGKGM001
INL482,GPGKST0167
INL483,GPGKST6540
INL485,GPGKST0281
INL489,GPGKST0945
INL496,GPGKST0485
INL497,GPGKST0613
INL498,GPGKGM075
INL500,GPGKGM155
KBR5047,GPGKST0485
KDU006146,GPGKSL011
KGM001,GPGKGM001
KGM002,GPGKGM001
KGM003,GPGKGM155
KGM004,GPGKGM046
KGM005,GPGKGM046
KGM006,GPGKGM046
KGM007,GPGKGM007
KGM009,GPGKST0128
KGM010,GPGKST0287
KGM011,GPGKST0464
KGM012,GPGKGM001
KGM013,GPGKST0317
KGM014,GPGKGM014
KGM015,GPGKGM015
KGM016,GPGKGM016
KGM017,GPGKGM017
KGM018,GPGKGM018
KGM020,GPGKGM233
KGM021,GPGKGM021
KGM022,GPGKGM022
KGM024,GPGKGM024
KGM025,GPGKGM025
KGM026,GPGKGM026
KGM027,GPGKGM027
KGM029,GPGKGM029
KGM030,GPGKGM030
KGM031,GPGKGM031
KGM032,GPGKGM032
KGM033,GPGKGM033
KGM034,GPGKGM034
KGM035,GPGKGM035
KGM036,GPGKGM036
KGM037,GPGKGM037
KGM038,GPGKGM147
KGM039,GPGKGM039
KGM040,GPGKGM040
KGM041,GPGKGM041
KGM042,GPGKGM042
KGM043,GPGKGM043
KGM044,GPGKGM044
KGM045,GPGKGM045
KGM046,GPGKGM046
KGM047,GPGKGM047
KGM048,GPGKGM048
KGM049,GPGKGM049
KGM052,GPGKGM052
KGM053,GPGKGM053
KGM054,GPGKST0422
KGM055,GPGKGM053
KGM056,GPGKGM056
KGM057,GPGKGM057
KGM058,GPGKGM058
KGM059,GPGKGM059
KGM060,GPGKGM060
KGM061,GPGKGM061
KGM062,GPGKGM062
KGM063,GPGKGM063
KGM064,GPGKGM064
KGM065,GPGKGM065
KGM066,GPGKST0546
KGM069,GPGKGM069
KGM071,GPGKGM071
KGM073,GPGKGM073
KGM074,GPGKGM074
KGM075,GPGKGM075
KGM076,GPGKGM076
KGM077,GPGKGM077
KGM078,GPGKGM078
KGM079,GPGKGM155
KGM080,GPGKGM080
KGM081,GPGKGM081
KGM082,GPGKGM082
KGM083,GPGKGM083
KGM084,GPGKGM084
KGM086,GPGKGM086
KGM091,GPGKGM297
KGM092,GPGKGM095
KGM093,GPGKGM046
KGM094,GPGKGM094
KGM095,GPGKGM095
KGM096,GPGKST0422
KGM097,GPGKST10349
KGM098,GPGKGM265
KGM099,GPGKGM099
KGM100,GPGKGM100
KGM104,GPGKGM104
KGM106,GPGKST0100
KGM107,GPGKST0538
KGM108,GPGKST0541
KGM109,GPGKST1056
KGM110,GPGKST0538
KGM111,GPGKST0321
KGM112,GPGKST0511
KGM113,GPGKST0538
KGM114,GPGKST0385
KGM115,GPGKGM014
KGM116,GPGKST0499
KGM117,GPGKST0073
KGM118,GPGKST0352
KGM119,GPGKST0554
KGM120,GPGKST0127
KGM121,GPGKST0875
KGM122,GPGKGM155
KGM123,GPGKGM014
KGM124,GPGKST0539
KGM125,GPGKST0030
KGM126,GPGKST0555
KGM127,GPGKGM127
KGM128,GPGKGM128
KGM129,GPGDRM4021
KGM130,GPGKST390
KGM131,GPGKGM131
KGM132,GPGKGM132
KGM133,GPGKGM133
KGM134,GPGKGM134
KGM135,GPGKGM133
KGM136,GPGKGM046
KGM137,GPGKGM137
KGM138,GPGKGM138
KGM139,GPGKGM139
KGM140,GPGKGM015
KGM142,GPGKGM076
KGM143,GPGKST0333
KGM144,GPGKGM015
KGM145,GPGKGM145
KGM146,GPGKGM024
KGM147,GPGKGM147
KGM148,GPGKGM001
KGM149,GPGKGM155
KGM150,GPGKGM037
KGM152,GPGKST0419
KGM154,GPGKGM154
KGM155,GPGKGM155
KGM156,GPGKGM155
KGM159,GPGKGM046
KGM160,GPGKGM160
KGM162,GPGKGM147
KGM169,GPGKGM046
KGM170,GPGKGM170
KGM174,GPGKGM029
KGM179,GPGKST0288
KGM184,GPGKGM035
KGM185,GPGKGM033
KGM188,GPGKGM059
KGM189,GPGKGM001
KGM190,GPGKST0642
KGM191,GPGKGM001
KGM192,GPGKGM001
KGM194,GPGKGM194
KGM195,GPGKST1038
KGM196,GPGKGM196
KGM206,GPGKGM001
KGM208,GPGKST0384
KGM211,GPGKGM137
KGM220,GPGKGM001
KGM221,GPGKGM221
KGM223,GPGKGM047
KGM224,GPGKGM046
KGM225,GPGKGM032
KGM226,GPGKGM046
KGM228,GPGKGM046
KGM230,GPGKST0820
KGM232,GPGKGM232
KGM233,GPGKGM233
KGM234,GPGKGM007
KGM237,GPGKGM137
KGM240,GPGKGM240
KGM241,GPGKGM241
KGM249,GPGKST0609
KGM258,GPGKGM001
KGM260,GPGKGM260
KGM261,GPGKGM261
KGM264,GPGKGM001
KGM265,GPGKGM046
KGM266,GPGKGM266
KGM269,GPGKGM001
KGM272,GPGKGM001
KGM273,GPGKGM001
KGM275,GPGKST0665
KGM276,GPGKST0857
KGM282,GPGKST9358
KGM286,GPGKST0327
KGM287,GPGKGM287
KGM288,GPGKST9713
KGM291,GPGKST6489
KGM295,GPGKGM295
KGM297,GPGKGM297
KGM299,GPGKGM046
KGM302,GPGKGM302
KGM308,GPGKGM308
KSF001,GPGKSF801
KSF801,GPGKGM015
KSF805,GPGKGM125
KSF821,GPGKGM021
KSF843,GPGKGM001
KSF845,GPGKGM266
KSL001,GPGKGM007
KSL009,GPGKGM001
KSL011,GPGKSL011
KSL018,GPGKGM001
KSL055,GPGKSL055
KST0002,GPGKGM016
KST0003,GPGKST0628
KST0004,GPGKST0249
KST0006,GPGKST0021
KST0007,GPGKST0606
KST0008,GPGKST0293
KST0009,GPGKGM017
KST0012,GPGKST0009
KST0013,GPGKGM058
KST0014,GPGKGM017
KST0015,GPGKST0038
KST0016,GPGKST0165
KST0017,GPGKGM053
KST0018,GPGKST0018
KST0019,GPGKGM053
KST0020,GPGKST0153
KST0021,GPGKST1011
KST0022,GPGKST0268
KST0023,GPGKST0023
KST0025,GPGKGM053
KST0028,GPGKST0099
KST0030,GPGKST0030
KST0031,GPGKST0052
KST0032,GPGKST0287
KST0033,GPGKST0033
KST0034,GPGKST1038
KST0035,GPGKST0362
KST0038,GPGKST1001
KST0039,GPGKST0359
KST0040,GPGKGM007
KST0041,GPGKGM041
KST0042,GPGKST0287
KST0044,GPGKST0288
KST0045,GPGKST0327
KST0046,GPGKST0239
KST0047,GPGKST0035
KST0049,GPGKST0052
KST0050,GPGKGM001
KST0051,GPGKST0606
KST0052,GPGKGM016
KST0053,GPGKGM001
KST0056,GPGKST0030
KST0058,GPGKST0058
KST0060,GPGKST0060
KST0061,GPGKST0191
KST0062,GPGKGM001
KST0063,GPGKGM133
KST0064,GPGKST0367
KST0065,GPGKST0334
KST0066,GPGKGM001
KST0069,GPGKGM001
KST0070,GPGKST0829
KST0071,GPGKGM032
KST0072,GPGKST0149
KST0073,GPGKST0169
KST0074,GPGKST0114
KST0076,GPGKST1001
KST0077,GPGKGM043
KST0078,GPGKST0280
KST0079,GPGKST0225
KST0080,GPGKST0089
KST0081,GPGKST0265
KST0082,GPGKST0095
KST0084,GPGKGM043
KST0086,GPGKST0379
KST0088,GPGKST0287
KST0089,GPGKST0932
KST0094,GPGKST0144
KST0095,GPGKST0181
KST0097,GPGKST0362
KST0099,GPGKGM053
KST0100,GPGKST0100
KST0101,GPGKGM058
KST0102,GPGKST0113
KST0103,GPGKGM057
KST0104,GPGKST0104
KST0105,GPGKGM052
KST0106,GPGKGM064
KST0108,GPGKGM057
KST0109,GPGKST9972
KST0110,GPGKST0371
KST0113,GPGKGM001
KST0114,GPGKST0006
KST0116,GPGKST10135
KST0118,GPGKST0247
KST0119,GPGKGM001
KST0120,GPGKST0120
KST0124,GPGKST0124
KST0125,GPGKGM007
KST0126,GPGKST0071
KST0127,GPGKST0127
KST0129,GPGKST0350
KST0130,GPGKST0251
KST0133,GPGKST0690
KST0134,GPGKST0628
KST0135,GPGKST0069
KST0136,GPGKGM001
KST0137,GPGKST0606
KST0138,GPGKST0382
KST0140,GPGKST0144
KST0141,GPGKGM053
KST0142,GPGWF997
KST0143,GPGKST0928
KST0144,GPGKST0144
KST0145,GPGKST0375
KST0146,GPGKGM058
KST0147,GPGKST0542
KST0148,GPGKGM001
KST0149,GPGKST0014
KST0150,GPGKGM040
KST0151,GPGKST1021
KST0153,GPGKST0153
KST0154,GPGKST0238
KST0155,GPGKST0206
KST0157,GPGKGM057
KST0158,GPGKGM059
KST0159,GPGKST0069
KST0160,GPGKST0301
KST0161,GPGKGM053
KST0162,GPGKST0973
KST0163,GPGKST1001
KST0165,GPGKST0304
KST0166,GPGKST0159
KST0168,GPGKST0498
KST0169,GPGKST0169
KST0170,GPGKGM143
KST0172,GPGKST0473
KST0174,GPGKST0281
KST0176,GPGKGM001
KST0180,GPGKGM155
KST0181,GPGKST1020
KST0182,GPGKST0341
KST0183,GPGKST0130
KST0184,GPGKST0560
KST0185,GPGKST0118
KST0186,GPGKST0245
KST0187,GPGKST0187
KST0189,GPGKST0350
KST0190,GPGKGM057
KST0193,GPGKGM059
KST0194,GPGKST0194
KST0195,GPGKGM042
KST0196,GPGKST0097
KST0197,GPGKGM074
KST0198,GPGKST0198
KST0199,GPGKST0338
KST01WF,GPG-F2000
KST0201,GPGKST0533
KST0203,GPGKST0385
KST0204,GPGKST0144
KST0205,GPGKST0205
KST0206,GPGKST0290
KST0207,GPGKGM062
KST0208,GPGKST0196
KST0209,GPGKGM001
KST0211,GPGKST0211
KST0212,GPGKST0288
KST0215,GPGKST0647
KST0216,GPGKST9791
KST0217,GPGKST1051
KST0218,GPGKST0053
KST0219,GPGKGM043
KST0220,GPGKST0102
KST0221,GPGKGM048
KST0222,GPGKST0589
KST0224,GPGKST0512
KST0225,GPGKST0628
KST0226,GPGKGM007
KST0227,GPGKST0031
KST0228,GPGKGM001
KST0229,GPGKST0145
KST0231,GPGKST0040
KST0232,GPGKST0138
KST0235,GPGKST0325
KST0236,GPGKST0185
KST0237,GPGKGM093
KST0238,GPGKST0058
KST0239,GPGKST0078
KST0240,GPGKST0057
KST0241,GPGKST026
KST0242,GPGKGM041
KST0243,GPGKST0243
KST0244,GPGKST0390
KST0245,GPGKST0330
KST0247,GPGKST0301
KST0249,GPGKST0338
KST0251,GPGKST0294
KST0252,GPGKGM037
KST0254,GPGKGM095
KST0255,GPGKST0643
KST0257,GPGKST0257
KST0259,GPGKGM001
KST0262,GPGKGM137
KST0263,GPGKST1018
KST0265,GPGKST0606
KST0268,GPGKST0232
KST0269,GPGKST0145
KST0270,GPGKGM069
KST0271,GPGKST0003
KST0272,GPGKST0147
KST0274,GPGKST0062
KST0276,GPGKST0219
KST0277,GPGKST0175
KST0278,GPGKST0278
KST0279,GPGKGM053
KST0280,GPGKST0135
KST0281,GPGKGM016
KST0282,GPGKGM052
KST0283,GPGKST0344
KST0284,GPGKGM021
KST0285,GPGKST0169
KST0286,GPGKST0160
KST0288,GPGKST0288
KST0289,GPGKST0706
KST0290,GPGKST0290
KST0292,GPGKST0301
KST0293,GPGKST0181
KST0295,GPGKST0295
KST0296,GPGKST0155
KST0297,GPGKST0144
KST0298,GPGKGM016
KST0299,GPGKST0159
KST0300,GPGKST0040
KST0301,GPGKST0322
KST0302,GPGKGM137
KST0303,GPGKST0030
KST0304,GPGKST1014
KST0305,GPGKST0020
KST0306,GPGKGM043
KST0307,GPGKST0928
KST0309,GPGKGM059
KST0311,GPGKGM059
KST0313,GPGKGM047
KST0314,GPGKGM048
KST0315,GPGKST0644
KST0316,GPGKGM074
KST0317,GPGKST0317
KST0320,GPGKGM060
KST0321,GPGKGM007
KST0322,GPGKST0006
KST0323,GPGKGM075
KST0324,GPGKST0065
KST0325,GPGKGM058
KST0326,GPGKST0257
KST0327,GPGKST0327
KST0329,GPGKST1001
KST0331,GPGKST0322
KST0333,GPGKST0333
KST0334,GPGKST0280
KST0335,GPGKST0257
KST0336,GPGKST0717
KST0337,GPGKGM032
KST0338,GPGKST0365
KST0339,GPGKST0249
KST0340,GPGKGM001
KST0341,GPGKST0341
KST0342,GPGKGM049
KST0343,GPGKST0268
KST0344,GPGKGM007
KST0345,GPGKST0076
KST0346,GPGKST0298
KST0347,GPGKST0079
KST0348,GPGKST0282
KST0349,GPGKST0124
KST0350,GPGKST0350
KST0351,GPGKST0066
KST0354,GPGKST0057
KST0355,GPGKGM042
KST0356,GPGKST6633
KST0357,GPGKST0357
KST0359,GPGKST0199
KST0360,GPGKGM047
KST0367,GPGKST0638
KST0371,GPGKST0379
KST0372,GPGKST0346
KST0373,GPGKST0257
KST0374,GPGKST0299
KST0375,GPGKST0110
KST0377,GPGKST0628
KST0378,GPGKST0277
KST0379,GPGKGM001
KST0382,GPGKST0218
KST0383,GPGWF997
KST0384,GPGKGM021
KST0385,GPGKST0385
KST0388,GPGKST0155
KST0389,GPGKST0541
KST0391,GPGKST0391
KST0393,GPGKST0406
KST0394,GPGKGM095
KST0395,GPGKST0080
KST0396,GPGKGM137
KST0398,GPGKGM137
KST0399,GPGKGM137
KST0400,GPGKST0394
KST0402,GPGKGM137
KST0404,GPGKGM134
KST0405,GPGKGM133
KST0406,GPGKGM137
KST0409,GPGKST0396
KST0411,GPGKST0411
KST0413,GPGKST0262
KST0414,GPGKGM138
KST0417,GPGKST0417
KST0418,GPGKST0419
KST0419,GPGKST0419
KST0420,GPGKST0419
KST0421,GPGKST0457
KST0424,GPGKGM026
KST0426,GPGKGM039
KST0427,GPGKGM041
KST0428,GPGKST0316
KST0430,GPGKST0449
KST0431,GPGKST0055
KST0433,GPGKGM017
KST0434,GPGKST0274
KST0435,GPGKST0440
KST0436,GPGKST9324
KST0439,GPGKST0439
KST0440,GPGKST0441
KST0441,GPGKST0957
KST0443,GPGKST0444
KST0444,GPGKST0445
KST0445,GPGKGM001
KST0448,GPGKST0430
KST0449,GPGKST0086
KST0450,GPGKGM133
KST0453,GPGKGM053
KST0455,GPGKST0221
KST0456,GPGKGM001
KST0457,GPGKST0457
KST0458,GPGKST0388
KST0459,GPGKST0288
KST0461,GPGKST0461
KST0462,GPGKGM026
KST0469,GPGKGM046
KST0470,GPGKSL011
KST0471,GPGKST0472
KST0472,GPGKST0472
KST0473,GPGKST0473
KST0474,GPGKST0475
KST0475,GPGKST0475
KST0476,GPGKST0296
KST0477,GPGKST0476
KST0480,GPGKST0288
KST0483,GPGKGM053
KST0485,GPGKST0942
KST0486,GPGKGM104
KST0487,GPGKST0028
KST0489,GPGKGM056
KST0490,GPGKGM062
KST0493,GPGKST0493
KST0498,GPGKST0642
KST04WF,GPG-F2000
KST0501,GPGKST0502
KST0502,GPGKST1022
KST0503,GPGKST0504
KST0504,GPGKGM073
KST0505,GPGKGM073
KST0506,GPGKGM040
KST0508,GPGKST0355
KST0509,GPGKST0151
KST0512,GPGKST0039
KST0513,GPGKST0363
KST0514,GPGKST0515
KST0515,GPGKST0102
KST0516,GPGKGM037
KST0517,GPGKST0448
KST0518,GPGKST0519
KST0520,GPGKST0684
KST0527,GPGKST0527
KST0532,GPGKST0012
KST0533,GPGKST0142
KST0534,GPGKGM133
KST0542,GPGKGM001
KST0543,GPGKST0544
KST0544,GPGKST0563
KST0545,GPGKST0287
KST0546,GPGKST0546
KST0548,GPGKST0549
KST0549,GPGKST0551
KST0550,GPGKST0551
KST0551,GPGKST0374
KST0552,GPGKST0069
KST0553,GPGKST0570
KST0556,GPGKST0300
KST0557,GPGKST0571
KST0558,GPGKST0585
KST0559,GPGKST0464
KST0563,GPGKST0089
KST0564,GPGKST0086
KST0565,GPGKST0102
KST0566,GPGKST0128
KST0567,GPGKST0113
KST0568,GPGKST0876
KST0569,GPGKST0287
KST0570,GPGKST0069
KST0571,GPGKST0287
KST0576,GPGKST0257
KST0577,GPGKST0257
KST0585,GPGKST0949
KST0586,GPGKST0287
KST0588,GPGKST0589
KST0590,GPGKST0589
KST0591,GPGKST0591
KST0592,GPGKST0934
KST0600,GPGKGM131
KST0601,GPGKGM033
KST0602,GPGKST0602
KST0603,GPGKST0603
KST0604,GPGKGM154
KST0606,GPGKGM001
KST0608,GPGKST0499
KST0609,GPGKST0705
KST0611,GPGKST0070
KST0612,GPGKGM154
KST0613,GPGKGM266
KST0614,GPGKGM154
KST0615,GPGKST0104
KST0616,GPGKST6350
KST0617,GPGKST0278
KST0618,GPGKST0606
KST0619,GPGKST10073
KST0621,GPGKGM056
KST0622,GPGKST0967
KST0624,GPGKST0020
KST0625,GPGKST0020
KST0626,GPGKST1011
KST0627,GPGKST0028
KST0628,GPGKST0628
KST0631,GPGKGM016
KST0633,GPGKGM266
KST0634,GPGKGM037
KST0635,GPGKST0635
KST0636,GPGKST0637
KST0637,GPGKST0628
KST0638,GPGKST0639
KST0639,GPGKST0640
KST0640,GPGKST0640
KST0643,GPGKST0979
KST0644,GPGKST0979
KST0646,GPGKST0979
KST0647,GPGKST0648
KST0650,GPGKST0650
KST0652,GPGKGM001
KST0654,GPGKST0656
KST0655,GPGKST0656
KST0656,GPGKST0657
KST0657,GPGKST0658
KST0658,GPGKGM001
KST0659,GPGKST9068
KST0661,GPGKGM001
KST0662,GPGKGM001
KST0663,GPGKGM001
KST0664,GPGKST0664
KST0665,GPGKST0665
KST0666,GPGKST0666
KST0667,GPGKGM037
KST0684,GPGKST0080
KST0685,GPGKST0379
KST0687,GPGKST0018
KST0688,GPGKST0550
KST0690,GPGKST0690
KST0694,GPGKST0566
KST0698,GPGKST9379
KST0704,GPGKGM001
KST0705,GPGKGM021
KST0706,GPGKGM001
KST0707,GPGKGM001
KST0709,GPGKGM081
KST0713,GPGKGM154
KST0714,GPGKST0647
KST0716,GPGKGM021
KST0717,GPGKST0719
KST0718,GPGKST0079
KST0719,GPGKST0720
KST0720,GPGKST0225
KST0721,GPGKST0719
KST0722,GPGKST0723
KST0723,GPGKST0636
KST0724,GPGKST0636
KST0725,GPGKST0636
KST0726,GPGKST0726
KST0727,GPGKGM221
KST0728,GPGKST0377
KST0730,GPGKGM133
KST0735,GPGKST0857
KST0737,GPGKST6362
KST0764,GPGKGM080
KST0788,GPGKST0979
KST0789,GPGKST0790
KST0790,GPGKST0791
KST0791,GPGKST0979
KST0797,GPGKST0798
KST0798,GPGKST0884
KST0799,GPGKST0979
KST0800,GPGKST0801
KST0801,GPGKST0979
KST0804,GPGKGM053
KST0806,GPGKGM138
KST0808,GPGKST0492
KST0809,GPGKGM075
KST0810,GPGKGM295
KST0811,GPGKST0592
KST0812,GPGKGM134
KST0820,GPGKST0650
KST0821,GPGKST0650
KST0828,GPGKST0713
KST0829,GPGKST0979
KST0831,GPGKST0278
KST0832,GPGKST0109
KST0835,GPGKST0558
KST0840,GPGKST0348
KST0843,GPGKST0325
KST0847,GPGKST0278
KST0857,GPGKST0857
KST0859,GPGKGM046
KST0860,GPGKGM007
KST0876,GPGKST0565
KST0877,GPGKGM052
KST0880,GPGKST0831
KST0881,GPGKGM246
KST0882,GPGKGM200
KST0884,GPGKST0032
KST0885,GPGKGM027
KST0886,GPGKST0462
KST0887,GPGKST0887
KST0888,GPGKST0901
KST0889,GPGKGM001
KST0891,GPGKST0891
KST0892,GPGKST0287
KST0893,GPGKST0893
KST0900,GPGKGM046
KST0901,GPGKST0901
KST0902,GPGKST0971
KST0903,GPGKGM001
KST0905,GPGKGM095
KST0907,GPGKGM001
KST0908,GPGKGM001
KST0909,GPGKGM053
KST0915,GPGKST0719
KST0916,GPGKST0488
KST0917,GPGKGM065
KST0921,GPGKST0921
KST0922,GPGKST0257
KST0923,GPGKST0257
KST0928,GPGKST0367
KST0929,GPGKST0546
KST0931,GPGKGM053
KST0932,GPGKST0148
KST0934,GPGKGM026
KST0935,GPGKST0357
KST0936,GPGKGM039
KST0937,GPGKGM001
KST0942,GPGKST0942
KST0945,GPGKST0257
KST0948,GPGKGM155
KST0949,GPGKST0436
KST0955,GPGKST0907
KST0956,GPGKGM001
KST0957,GPGKST0443
KST0960,GPGKGM039
KST0965,GPGKGM143
KST0967,GPGKST0414
KST0968,GPGKST0806
KST0969,GPGKGM043
KST0970,GPGKST0970
KST0971,GPGKGM052
KST0972,GPGKGM001
KST0973,GPGKST1009
KST0974,GPGKST0975
KST0975,GPGKST0976
KST0976,GPGKST0719
KST0977,GPGKST0719
KST0978,GPGKST0979
KST0979,GPGKST0124
KST0981,GPGKST0257
KST0983,GPGKGM024
KST0993,GPGKST0606
KST0994,GPGKST0602
KST0995,GPGKGM007
KST0996,GPGKGM029
KST1000,GPGKST0426
KST1001,GPGKST1001
KST1002,GPGKGM001
KST1003,GPGKST0167
KST1005,GPGKGM133
KST1006,GPGKST1007
KST1007,GPGKST1001
KST1008,GPGKGM034
KST1009,GPGKST0994
KST1010,GPGKGM016
KST1011,GPGKST1011
KST1012,GPGKST1013
KST1013,GPGKST0360
KST1014,GPGKST0179
KST1015,GPGKST0602
KST1016,GPGKST9015
KST1017,GPGKST1017
KST1018,GPGKST1018
KST1019,GPGKGM040
KST1020,GPGKST1021
KST1021,GPGKST0199
KST1022,GPGKGM014
KST1023,GPGKGM093
KST1024,GPGKST10367
KST1025,GPGKST0278
KST1035,GPGKGM295
KST1037,GPGKST1037
KST1038,GPGKGM021
KST1073,GPGKST0251
KST5035,GPGKGM080
KST5036,GPGKST5036
KST5037,GPGKST0831
KST5038,GPGKST6341
KST5039,GPGKGM088
KST5040,GPGKST5041
KST5041,GPGKST5041
